"Waktu Submit","ID Training","Status Dokumen","Jenis Training","Nama Training","Nama Pengaju","Email Pengaju","Departemen / Divisi","Kategori Training","Target Level Kemahiran","Kategori Kebutuhan Training","Tanggal Pengajuan","Metode Training","Jadwal Pelaksanaan","Lokasi / Venue","Platform & Link Meeting","Trainer / Fasilitator","Opsi Vendor (Eksternal)","Total Durasi Belajar","Jumlah Partisipan (Rencana)","Jumlah Peserta Terdaftar","Daftar Peserta (Ringkasan)","Modul & Sesi (Ringkasan)","Training Goals","Hasil yang Diharapkan","Penerapan di Pekerjaan","Indikator Keberhasilan","Waktu Evaluasi","PIC Evaluasi","Link Form Evaluasi","Status Email Konfirmasi","Status Email Reminder H-1","Status Reminder Approval","ID Event Google Calendar","Approver","Tanggal Approval","Catatan Approver","Raw Data JSON"
"2026-10-05 09:00:00","TRN-20261005-WEB-HS-001","Disetujui","Training Internal","Workshop Golang Backend RESTful API","Alex Kurniawan","alex.kurniawan@perusahaan.com","WEB DEVELOPER","Hard skill","Intermediate","Peningkatan Kapabilitas Tim","2026-10-05","Onsite","2026-10-15, 09:00 - 15:00 WIB","Ruangan Meeting Saturnus","-","Duta TnD Internal","-","6 Jam","3","3","1. Budi Santoso <budi.santoso@perusahaan.com> (WEB DEVELOPER)
2. Siti Aisyah <siti.aisyah@perusahaan.com> (WEB DEVELOPER)
3. Rian Pratama <rian.pratama@perusahaan.com> (WEB DEVELOPER)","1. Sesi 1: Goroutines & Concurrency [3 Jam | 2026-10-15 09:00-12:00 @ Saturnus] PIC: Duta (Praktik)
2. Sesi 2: RESTful Microservices & Docker [3 Jam | 2026-10-15 13:00-16:00 @ Saturnus] PIC: Duta (Praktik)","Mampu membangun backend microservice berskala besar dengan Go dan arsitektur modular yang tangguh","Peserta mampu membuat service mandiri dengan latency rendah dan zero downtime","Mengganti legacy monolithic endpoints menjadi microservices mandiri dalam sprint mendatang","Pengurangan respon time API minimal 35% dan nihil error 500 saat traffic puncak","30 hari","Lead Tech Architect","https://docs.google.com/forms/d/e/1FAIpQLSdLNo9kzy22HEKq3xSCBHmZO2ksfCE2K7U_Y3EA2hCzQtRYmw/viewform","Terkirim (3 email)","Pending","Approved","event_cal_trn_001","Fernanda Rusli","2026-10-05 10:15","Disetujui. Ruangan Saturnus sudah dialokasikan untuk seluruh sesi.","{}"
"2026-10-06 14:20:00","TRN-20261006-FIN-SS-002","Disetujui","Training Internal","Effective Leadership & Conflict Resolution","Maya Anggraini","maya.anggraini@perusahaan.com","FINANCE","Soft skill","Advanced","Pengembangan Kepemimpinan","2026-10-06","Online","2026-10-20, 13:00 - 16:00 WIB","Google Meet","Google Meet - https://meet.google.com/abc-defg-hij","Dr. Handoko M.Psi","-","3 Jam","2","2","1. Maya Anggraini <maya.anggraini@perusahaan.com> (FINANCE)
2. Hendra Wijaya <hendra.wijaya@perusahaan.com> (FINANCE)","1. Sesi 1: Active Listening & Conflict De-escalation [3 Jam | 2026-10-20 13:00-16:00 @ Google Meet] PIC: Dr. Handoko (Diskusi Kasus)","Meningkatkan kemampuan problem solving win-win dan komunikasi interpersonal para team leader","Pemimpin tim mampu mengelola perbedaan pendapat dan memberikan constructive feedback secara efektif","Diterapkan pada sesi 1-on-1 mingguan dan evaluasi performa kuartalan tim","Peningkatan skor Employee Net Promoter Score (eNPS) divisi dan penurunan eskalasi konflik kerja","60 hari","HR People Partner","https://docs.google.com/forms/d/e/1FAIpQLSdLNo9kzy22HEKq3xSCBHmZO2ksfCE2K7U_Y3EA2hCzQtRYmw/viewform","Terkirim (2 email)","Pending","Approved","event_cal_trn_002","Fernanda Rusli","2026-10-06 16:00","Disetujui. Link Google Meet terkonfirmasi aktif.","{}"
"2026-10-07 11:30:00","TRN-20261007-HR-SS-003","Diajukan","Training Eksternal","Certified HR Business Partner (HRBP) Certification","Siti Rahma","siti.rahma@perusahaan.com","HR","Soft skill","Advanced","Kebutuhan Bisnis / Strategis","2026-10-07","Hybrid","2026-11-02, 09:00 - 17:00 WIB","Ruangan Meeting Neptunus","Zoom Meeting - https://zoom.us/j/9876543210","Master Trainer Lembaga Sertifikasi Nasional","1. HR Academy Indonesia [Kontak: 0812-9988-7766 | Est. Biaya: Rp 8.500.000 | Info: Akreditasi BNSP, silabus lengkap]
2. Strategic People Center [Kontak: 0813-1122-3344 | Est. Biaya: Rp 9.200.000 | Info: Opsi blended learning & ujian]
3. Institute of HR Management [Kontak: 0815-5566-7788 | Est. Biaya: Rp 8.000.000 | Info: Modul e-learning mandiri]","8 Jam","2","2","1. Siti Rahma <siti.rahma@perusahaan.com> (HR)
2. Dian Pratama <dian.pratama@perusahaan.com> (HR)","1. Sesi 1: HR as Strategic Business Driver [4 Jam | 2026-11-02 09:00-13:00 @ Neptunus] PIC: Master Trainer (Presentasi & Kasus)
2. Sesi 2: Workforce Analytics & Talent Planning [4 Jam | 2026-11-02 14:00-18:00 @ Neptunus] PIC: Master Trainer (Workshop Praktik)","Memperoleh sertifikasi profesional HRBP dan menyelaraskan inisiatif SDM dengan target profitabilitas bisnis","Mampu menyusun talent management framework dan people analytics dashboard perusahaan","Diterapkan langsung dalam penyusunan strategi manpower planning dan talent pipeline 2027","Lolos uji sertifikasi HRBP 100% dan blueprint talent mapping selesai tepat waktu","90 hari","Head of HR & General Affairs","https://docs.google.com/forms/d/e/1FAIpQLSdLNo9kzy22HEKq3xSCBHmZO2ksfCE2K7U_Y3EA2hCzQtRYmw/viewform","Menunggu Approval","Pending","Pending","Menunggu Approval","-","-","-","{}"
