"Departemen / Divisi","Nama Approver","Email Approver","Keterangan"
"WEB DEVELOPER","Budi Santoso (Lead)","budi.lead@perusahaan.com","Head of Engineering"
"MOBILE DEVELOPER","Budi Santoso (Lead)","budi.lead@perusahaan.com","Head of Engineering"
"UI/UX DESIGN","Siti Rahma","siti.lead@perusahaan.com","Head of Product & Design"
"PRODUCT MANAGEMENT","Siti Rahma","siti.lead@perusahaan.com","Head of Product & Design"
"FINANCE & ACCOUNTING","Dedi Firmansyah","dedi.mgr@perusahaan.com","Finance & Accounting Manager"
"HR & GENERAL AFFAIRS","Maya Anggraini","maya.hr@perusahaan.com","HR & General Affairs Manager"
"MARKETING & SALES","Hendra Wijaya","hendra.mkt@perusahaan.com","Marketing Director"
"CUSTOMER SUPPORT","Ratna Sari","ratna.cs@perusahaan.com","Customer Support Lead"
"DEFAULT","HR Training & Development","tnd@perusahaan.com","Fallback jika divisi tidak terdaftar"
